-- SPDX-License-Identifier: AGPL-3.0-or-later OR LicenseRef-Muscovite-Commercial
-- Copyright (c) 2025-2026 Johannes Lochmann
--
-- This software is dual-licensed:
--  - GNU Affero General Public License v3 (AGPL-3.0), see LICENSE-AGPL
--  - Commercial license, contact muscovite-licensing@johanneslochmann.net
--
-- Generated by Muscovite - DO NOT EDIT
-- Any changes will be overwritten on regeneration.
-- Test seed data for context: CargoDecomposition
-- Generated by muscomp test-data generator. DO NOT EDIT.

BEGIN;

-- Seed data for cargo_decomposition.break_bulk_items
INSERT INTO cargo_decomposition.break_bulk_items (id, container_id, item_type, weight_kg, requires_crane) VALUES ('c151df7d-6ee5-42d6-a397-8fb9b92502a8', 'c08c967f-0e5e-4b0a-a2e2-c43f8a1ad34e', 'sit veniam labore eiusmod et lorem ad laboris', 6373.38, FALSE);
INSERT INTO cargo_decomposition.break_bulk_items (id, container_id, item_type, weight_kg, requires_crane) VALUES ('f2194bc7-d597-4b28-80d2-eda553d1bc36', '72ec29f7-fc40-4872-8bfb-48552d60ec21', 'aliquip consect', 4252.55, TRUE);
INSERT INTO cargo_decomposition.break_bulk_items (id, container_id, item_type, weight_kg, requires_crane) VALUES ('24d78d1d-1b25-40c5-981b-aef38522f794', '87b8a689-f6b5-4129-b239-f67bad2506ec', 'amet aliquip incidid ex commodo ipsum in', 7436.49, TRUE);
INSERT INTO cargo_decomposition.break_bulk_items (id, container_id, item_type, weight_kg, requires_crane) VALUES ('4c317a47-961d-4218-84f0-dca8b02d0c43', 'b32a05a5-8b50-44d7-b59d-ddab6e391eb0', 'enim sed nostrud enim et', 6671.04, TRUE);
INSERT INTO cargo_decomposition.break_bulk_items (id, container_id, item_type, weight_kg, requires_crane) VALUES ('6f3c8ecd-3d54-4c48-9773-cba004ec6d5f', '13016657-90d9-45c4-920d-5cd7b0d1e499', 'magna voluptate quis nostrud quis', 8612.67, TRUE);
INSERT INTO cargo_decomposition.break_bulk_items (id, container_id, item_type, weight_kg, requires_crane) VALUES ('d2e2ae0d-1a3e-42b1-bde5-b97a534feed7', '71d1e370-62dd-4887-8f5e-02a1ffb1d16d', 'ad labore ex incidid', 6860.54, FALSE);
INSERT INTO cargo_decomposition.break_bulk_items (id, container_id, item_type, weight_kg, requires_crane) VALUES ('a6955e3e-45a3-46b5-90f6-4ceef810ed6c', 'c981391c-e842-4210-a6ef-782f0bf1146d', 'dolore in ut tempor aliquip quis labore', 1386.85, TRUE);
INSERT INTO cargo_decomposition.break_bulk_items (id, container_id, item_type, weight_kg, requires_crane) VALUES ('97bca181-150e-474a-8588-5ad6ed1226ef', '9ce7e566-8c3f-4d37-8f26-0c46fe63cba1', 'aliquip nostrud et in', 7406.46, TRUE);
INSERT INTO cargo_decomposition.break_bulk_items (id, container_id, item_type, weight_kg, requires_crane) VALUES ('8774640f-04c6-4526-9fb4-b7a1ef3a77b1', 'c99a99d8-2b33-4793-bc18-5b19276fdba6', 'aute aliqua', 1131.11, TRUE);
INSERT INTO cargo_decomposition.break_bulk_items (id, container_id, item_type, weight_kg, requires_crane) VALUES ('2091d498-a12c-4821-b85a-d2a67be7e2b3', '9ad2460e-f13a-4ea6-9b20-acd104d03671', 'in voluptate et labore consequat ex ullamco', 8833.93, TRUE);

-- Seed data for cargo_decomposition.pallets
INSERT INTO cargo_decomposition.pallets (id, pallet_id, container_id, weight_kg, length_cm, width_cm, height_cm, hs_code) VALUES ('53103f7d-9e6b-4af9-8b0b-96f7309e81f2', 'pallet_id_0', '6a9e6c37-a0b8-4db5-a91b-9fc4577f6cda', 8517.15, 4858.62, 2909.12, 8188.69, 'hs_code_0');
INSERT INTO cargo_decomposition.pallets (id, pallet_id, container_id, weight_kg, length_cm, width_cm, height_cm, hs_code) VALUES ('6dbde60a-ebf5-4be4-9475-ee02bbc875ad', 'pallet_id_1', 'e03e89c3-8000-45f4-8abd-bf1e42d853df', 9032.67, 8548.97, 266.29, 7446.65, 'hs_code_1');
INSERT INTO cargo_decomposition.pallets (id, pallet_id, container_id, weight_kg, length_cm, width_cm, height_cm, hs_code) VALUES ('11ee7606-dda7-479c-b4d2-804ea3dc3069', 'pallet_id_2', 'a14c2b61-0297-4e46-b15b-2bb5aa7a4a10', 3327.87, 3567.89, 7043.54, 3384.41, 'hs_code_2');
INSERT INTO cargo_decomposition.pallets (id, pallet_id, container_id, weight_kg, length_cm, width_cm, height_cm, hs_code) VALUES ('be1c8f0a-0f62-40a2-a9f1-55774506a8fb', 'pallet_id_3', 'a6f073f2-a762-46c4-94c8-c88942da71fe', 4004.61, 3584.15, 5167.50, 6716.00, 'hs_code_3');
INSERT INTO cargo_decomposition.pallets (id, pallet_id, container_id, weight_kg, length_cm, width_cm, height_cm, hs_code) VALUES ('b8c793e0-dfe1-4368-8073-c9d47bbb9320', 'pallet_id_4', '85d6a0fd-6fdc-41f6-a5b5-a97d3d16a62f', 7917.12, 1876.13, 3496.81, 5544.96, 'hs_code_4');
INSERT INTO cargo_decomposition.pallets (id, pallet_id, container_id, weight_kg, length_cm, width_cm, height_cm, hs_code) VALUES ('14cb199e-b6c1-44f3-bbb7-aee645444166', 'pallet_id_5', '6eb4dce2-27c8-4385-b927-84f163e4cd83', 2177.06, 5982.43, 9907.57, 9026.84, 'hs_code_5');
INSERT INTO cargo_decomposition.pallets (id, pallet_id, container_id, weight_kg, length_cm, width_cm, height_cm, hs_code) VALUES ('6147309e-3e76-46ee-bb72-be688e3c734b', 'pallet_id_6', '4a6512d6-80d3-428d-b3d7-3462d932675d', 3103.47, 2890.30, 4505.04, 6412.01, 'hs_code_6');
INSERT INTO cargo_decomposition.pallets (id, pallet_id, container_id, weight_kg, length_cm, width_cm, height_cm, hs_code) VALUES ('1002e3f0-e61d-4802-82bd-f82d8c203068', 'pallet_id_7', '59fb9cb0-b195-47c4-8376-899f5b7afb34', 4293.72, 1993.70, 7.19, 6382.25, 'hs_code_7');
INSERT INTO cargo_decomposition.pallets (id, pallet_id, container_id, weight_kg, length_cm, width_cm, height_cm, hs_code) VALUES ('45874539-e3d0-49af-adee-edaa74df00f1', 'pallet_id_8', 'e635218c-586e-45a3-8c1e-55fe7773f56f', 4084.87, 1008.64, 6746.41, 9654.81, 'hs_code_8');
INSERT INTO cargo_decomposition.pallets (id, pallet_id, container_id, weight_kg, length_cm, width_cm, height_cm, hs_code) VALUES ('455cf0d9-b380-4271-930a-1b509c2a24d8', 'pallet_id_9', 'a1e77652-003f-41da-92f3-90d9e187eaf8', 1781.27, 8885.87, 4459.48, 1025.63, 'hs_code_9');

-- Seed data for cargo_decomposition.parcels
INSERT INTO cargo_decomposition.parcels (id, tracking_number, pallet_id, weight_kg, hs_code, description) VALUES ('299efcfa-3f62-46c1-a901-f710d0d3c802', 'tracking_number_0', '53103f7d-9e6b-4af9-8b0b-96f7309e81f2', 4551.51, 'hs_code_0', 'dolore magna incidid amet elit do aute');
INSERT INTO cargo_decomposition.parcels (id, tracking_number, pallet_id, weight_kg, hs_code, description) VALUES ('71b4c620-ab34-41b2-b517-e1c8b8110264', 'tracking_number_1', '6dbde60a-ebf5-4be4-9475-ee02bbc875ad', 1622.98, 'hs_code_1', 'adipis amet sed');
INSERT INTO cargo_decomposition.parcels (id, tracking_number, pallet_id, weight_kg, hs_code, description) VALUES ('f3ac6acd-92b0-4e97-ad0d-da73503eecc7', 'tracking_number_2', '11ee7606-dda7-479c-b4d2-804ea3dc3069', 3931.45, 'hs_code_2', 'consect et');
INSERT INTO cargo_decomposition.parcels (id, tracking_number, pallet_id, weight_kg, hs_code, description) VALUES ('32acfaa7-0b41-4300-a96f-8bace5aa97a4', 'tracking_number_3', 'be1c8f0a-0f62-40a2-a9f1-55774506a8fb', 3350.55, 'hs_code_3', 'ullamco ut in et quis ad dolore');
INSERT INTO cargo_decomposition.parcels (id, tracking_number, pallet_id, weight_kg, hs_code, description) VALUES ('a1e23403-0e77-4a90-af49-97768cbd1eb5', 'tracking_number_4', 'b8c793e0-dfe1-4368-8073-c9d47bbb9320', 1795.65, 'hs_code_4', 'consequat exercit sit ea');
INSERT INTO cargo_decomposition.parcels (id, tracking_number, pallet_id, weight_kg, hs_code, description) VALUES ('a1f91257-d9a1-40ce-a8a5-bfc71df99756', 'tracking_number_5', '14cb199e-b6c1-44f3-bbb7-aee645444166', 2305.69, 'hs_code_5', 'sed dolore dolore exercit irure nisi tempor elit');
INSERT INTO cargo_decomposition.parcels (id, tracking_number, pallet_id, weight_kg, hs_code, description) VALUES ('3f7c546d-ce44-486a-9c3f-f8888e6d6184', 'tracking_number_6', '6147309e-3e76-46ee-bb72-be688e3c734b', 591.49, 'hs_code_6', 'ipsum lorem aliqua');
INSERT INTO cargo_decomposition.parcels (id, tracking_number, pallet_id, weight_kg, hs_code, description) VALUES ('3c122d98-0245-46c1-86f7-4825cd70a81a', 'tracking_number_7', '1002e3f0-e61d-4802-82bd-f82d8c203068', 3575.13, 'hs_code_7', 'adipis laboris ea ad dolor');
INSERT INTO cargo_decomposition.parcels (id, tracking_number, pallet_id, weight_kg, hs_code, description) VALUES ('0eb8d1ec-b6e9-4ec3-963d-e7ada581b11c', 'tracking_number_8', '45874539-e3d0-49af-adee-edaa74df00f1', 9746.27, 'hs_code_8', 'adipis aliquip amet minim duis');
INSERT INTO cargo_decomposition.parcels (id, tracking_number, pallet_id, weight_kg, hs_code, description) VALUES ('eb0899f2-4072-40f5-a707-408db2e7d509', 'tracking_number_9', '455cf0d9-b380-4271-930a-1b509c2a24d8', 7798.07, 'hs_code_9', 'minim nisi adipis voluptate amet adipis consequat aliqua');

-- Seed data for cargo_decomposition.delivery_units
INSERT INTO cargo_decomposition.delivery_units (id, tracking_number, destination, carrier, dispatched_at, parcel_id) VALUES ('b3e4ca24-5447-4860-b811-342d83dad74f', 'tracking_number_0', 'ipsum reprehend ullamco aliqua adipis', 'adipis aute', NULL, '299efcfa-3f62-46c1-a901-f710d0d3c802');
INSERT INTO cargo_decomposition.delivery_units (id, tracking_number, destination, carrier, dispatched_at, parcel_id) VALUES ('3e2aa0cb-59f3-44e5-a7a1-993ff8b03159', 'tracking_number_1', 'nostrud et nostrud incidid irure', 'nisi dolor amet labore irure amet aliqua', '2025-11-13T14:49:50Z', '71b4c620-ab34-41b2-b517-e1c8b8110264');
INSERT INTO cargo_decomposition.delivery_units (id, tracking_number, destination, carrier, dispatched_at, parcel_id) VALUES ('a42ab580-e538-4d4e-88ce-cfff08766d99', 'tracking_number_2', 'ea adipis reprehend elit adipis quis aute veniam', 'reprehend in', '2024-02-26T20:24:06Z', 'f3ac6acd-92b0-4e97-ad0d-da73503eecc7');
INSERT INTO cargo_decomposition.delivery_units (id, tracking_number, destination, carrier, dispatched_at, parcel_id) VALUES ('9277f88b-1cf5-4b40-b2d2-a153871a7d7d', 'tracking_number_3', 'ullamco ad', 'laboris minim lorem aliqua', '2024-01-16T12:10:50Z', '32acfaa7-0b41-4300-a96f-8bace5aa97a4');
INSERT INTO cargo_decomposition.delivery_units (id, tracking_number, destination, carrier, dispatched_at, parcel_id) VALUES ('ce63ad49-7ac5-4a8d-917e-0b4b4d10a4e1', 'tracking_number_4', 'aliqua labore duis dolore quis aliquip duis aliqua', 'lorem et magna amet commodo labore', NULL, 'a1e23403-0e77-4a90-af49-97768cbd1eb5');
INSERT INTO cargo_decomposition.delivery_units (id, tracking_number, destination, carrier, dispatched_at, parcel_id) VALUES ('0d7a5114-7e82-4243-b2e7-65f412688d25', 'tracking_number_5', 'exercit exercit labore amet ea ad', 'voluptate aliqua nisi amet ut nisi ullamco', '2025-05-16T10:15:20Z', 'a1f91257-d9a1-40ce-a8a5-bfc71df99756');
INSERT INTO cargo_decomposition.delivery_units (id, tracking_number, destination, carrier, dispatched_at, parcel_id) VALUES ('7bc36f68-892e-4281-9876-93728b18b7fd', 'tracking_number_6', 'do quis laboris exercit', 'eiusmod magna laboris tempor elit', '2025-04-26T02:56:16Z', '3f7c546d-ce44-486a-9c3f-f8888e6d6184');
INSERT INTO cargo_decomposition.delivery_units (id, tracking_number, destination, carrier, dispatched_at, parcel_id) VALUES ('a4609a35-5c24-4f06-98a8-6094c85f2cbf', 'tracking_number_7', 'aute elit sit labore tempor do incidid', 'commodo aliqua adipis', '2025-12-28T14:54:24Z', '3c122d98-0245-46c1-86f7-4825cd70a81a');
INSERT INTO cargo_decomposition.delivery_units (id, tracking_number, destination, carrier, dispatched_at, parcel_id) VALUES ('9fde5cfa-899e-413c-ac8b-b3ed05d2e630', 'tracking_number_8', 'eiusmod veniam eiusmod magna', 'enim nostrud enim minim ex veniam in veniam', '2025-07-09T13:03:44Z', '0eb8d1ec-b6e9-4ec3-963d-e7ada581b11c');
INSERT INTO cargo_decomposition.delivery_units (id, tracking_number, destination, carrier, dispatched_at, parcel_id) VALUES ('5c611ae5-3da8-47a8-b709-a8d2c391b41a', 'tracking_number_9', 'amet sit consequat nostrud magna in', 'et enim elit consect aute nisi ea laboris', NULL, 'eb0899f2-4072-40f5-a707-408db2e7d509');

COMMIT;
