-- SPDX-License-Identifier: AGPL-3.0-or-later OR LicenseRef-Muscovite-Commercial
-- Copyright (c) 2025-2026 Johannes Lochmann
--
-- This software is dual-licensed:
--  - GNU Affero General Public License v3 (AGPL-3.0), see LICENSE-AGPL
--  - Commercial license, contact muscovite-licensing@johanneslochmann.net
--
-- Generated by Muscovite - DO NOT EDIT
-- Any changes will be overwritten on regeneration.
-- Test seed data for context: CargoOperations
-- Generated by muscomp test-data generator. DO NOT EDIT.

BEGIN;

-- Seed data for cargo_operations.containers
INSERT INTO cargo_operations.containers (id, container_number, size_category, hazmat_class, voyage_id, yard_slot_id, status) VALUES ('c151df7d-6ee5-42d6-a397-8fb9b92502a8', 'container_number_0', 'consect irure sit veniam labore eiusmod et', NULL, '861191c9-6090-4446-af6d-f0655c6891d8', 'd398c3c9-b02b-46cd-b219-4bc7d5976b28', 'magna ipsum dolor aliquip consect magna amet');
INSERT INTO cargo_operations.containers (id, container_number, size_category, hazmat_class, voyage_id, yard_slot_id, status) VALUES ('24d78d1d-1b25-40c5-981b-aef38522f794', 'container_number_1', 'magna ex amet aliquip incidid', 'ipsum in aliquip dolore tempor lorem laboris', '759dddab-6e39-4eb0-8974-43c2f9f697f5', '36316c73-bfff-4278-9b70-3d3ea8a33821', 'et ullamco dolore magna sit');
INSERT INTO cargo_operations.containers (id, container_number, size_category, hazmat_class, voyage_id, yard_slot_id, status) VALUES ('13016657-90d9-45c4-920d-5cd7b0d1e499', 'container_number_2', 'magna voluptate quis nostrud quis', 'commodo enim magna incidid tempor', '85d5b800-b5ee-4c0d-9d68-2face1d91cfe', '4e343e19-658f-4d25-afa1-3bb2f9560a92', 'ullamco commodo ea ullamco ea dolore in');
INSERT INTO cargo_operations.containers (id, container_number, size_category, hazmat_class, voyage_id, yard_slot_id, status) VALUES ('5907059e-2371-48f4-8ca9-8403ada2dff9', 'container_number_3', 'quis labore consect nostrud quis ad nostrud', NULL, '5df0d016-4433-42cb-bc3f-2277fa0a5233', '654028ee-86f4-4566-aeaf-3186e0eccb37', 'do minim amet ea do sit aute');
INSERT INTO cargo_operations.containers (id, container_number, size_category, hazmat_class, voyage_id, yard_slot_id, status) VALUES ('78d78496-e22f-47dd-9cf4-dcb5962daa5c', 'container_number_4', 'consect nisi nostrud labore ex in', 'labore consequat ex ullamco', 'e2260ab5-045a-4c48-90ce-0bab0d31681f', '4b0b96f7-309e-41f2-aa9e-6c37a0b80db5', 'duis enim tempor');
INSERT INTO cargo_operations.containers (id, container_number, size_category, hazmat_class, voyage_id, yard_slot_id, status) VALUES ('d1a16c07-7908-4f9b-adbd-e60aebf5cbe4', 'container_number_5', 'aute ea', 'ipsum aliquip dolor sed exercit magna ut', '5b56811e-9841-496e-b450-85a764018d6a', 'be1c8f0a-0f62-40a2-a9f1-55774506a8fb', 'sit dolore labore ad ullamco nisi');
INSERT INTO cargo_operations.containers (id, container_number, size_category, hazmat_class, voyage_id, yard_slot_id, status) VALUES ('8073c9d4-7bbb-4320-85d6-a0fd6fdc71f6', 'container_number_6', 'ea elit ut veniam', NULL, '3bb7aee6-4544-4166-aeb4-dce227c86385', '37bb925a-3722-4fde-9926-7a716c2bcf4b', 'irure et enim tempor aliqua incidid tempor aliqua');
INSERT INTO cargo_operations.containers (id, container_number, size_category, hazmat_class, voyage_id, yard_slot_id, status) VALUES ('a425bc38-3ec0-4e48-9002-e3f0e61d8802', 'container_number_7', 'labore ex magna elit lorem', 'elit aute ea', '68929dda-fb94-43be-99d2-36e53fee9fc4', 'f729c31a-dd80-4051-855c-f0d9b3800271', 'exercit veniam');
INSERT INTO cargo_operations.containers (id, container_number, size_category, hazmat_class, voyage_id, yard_slot_id, status) VALUES ('2d99c35f-87c0-430e-a37a-71027fb942b7', 'container_number_8', 'amet adipis irure aliqua commodo', 'incidid amet elit do', 'e113dfac-be62-498d-b1b4-c620ab34e1b2', '298c5d4d-c6b9-4bc6-ac58-435b64456644', 'amet sed reprehend');
INSERT INTO cargo_operations.containers (id, container_number, size_category, hazmat_class, voyage_id, yard_slot_id, status) VALUES ('6d0dda73-503e-4cc7-a4a5-2b3bf9bebb5f', 'container_number_9', 'consect et', NULL, '296f8bac-e5aa-47a4-95c6-317db91538ac', 'a6a31999-14ac-4468-9369-1744aa2ed4b9', 'et quis ad dolore exercit in elit dolore');

-- Seed data for cargo_operations.cranes
INSERT INTO cargo_operations.cranes (id, name, crane_type, max_lift_kg, is_active) VALUES ('d3a0c622-6789-4d2d-a49c-0328a7a57b41', 'ea exercit', 'do duis sed dolore dolore exercit irure nisi', 2850.45, TRUE);
INSERT INTO cargo_operations.cranes (id, name, crane_type, max_lift_kg, is_active) VALUES ('3f7c546d-ce44-486a-9c3f-f8888e6d6184', 'adipis ipsum', 'aliqua do', 272.11, TRUE);
INSERT INTO cargo_operations.cranes (id, name, crane_type, max_lift_kg, is_active) VALUES ('8caf9564-af85-4977-ac80-3aa1f0aa5f1b', 'ea ad dolor dolor quis reprehend', 'adipis aliquip amet minim duis', 9181.00, TRUE);
INSERT INTO cargo_operations.cranes (id, name, crane_type, max_lift_kg, is_active) VALUES ('c7a17072-4c58-4656-b171-260a003fd1f5', 'nisi adipis voluptate amet adipis', 'aliqua nisi reprehend aliqua ipsum reprehend ullamco', 4547.62, TRUE);
INSERT INTO cargo_operations.cranes (id, name, crane_type, max_lift_kg, is_active) VALUES ('1a60c2d6-4d6b-4c4b-a6e4-b6afdfd27c88', 'adipis do adipis magna nostrud et nostrud incidid', 'nisi nisi dolor amet labore irure amet aliqua', 9994.35, FALSE);
INSERT INTO cargo_operations.cranes (id, name, crane_type, max_lift_kg, is_active) VALUES ('d1a4a993-f095-4231-9570-1b8711c3c22c', 'duis nostrud exercit ipsum irure', 'adipis reprehend elit adipis quis aute veniam', 532.43, FALSE);
INSERT INTO cargo_operations.cranes (id, name, crane_type, max_lift_kg, is_active) VALUES ('f14d7905-627d-4579-8a5c-cd17d9ed2fa1', 'dolore consequat', 'consect sit veniam elit sit ullamco ad et', 6751.48, TRUE);
INSERT INTO cargo_operations.cranes (id, name, crane_type, max_lift_kg, is_active) VALUES ('0591c758-7e32-45fe-b837-e3a49ef45dcc', 'consequat adipis ad veniam ipsum dolore commodo', 'in aliqua', 3515.22, FALSE);
INSERT INTO cargo_operations.cranes (id, name, crane_type, max_lift_kg, is_active) VALUES ('6ac6fe0b-04d1-4a7c-9998-db82ac49142a', 'duis aliqua laboris lorem et magna amet', 'labore adipis dolor elit quis exercit exercit', 3634.90, TRUE);
INSERT INTO cargo_operations.cranes (id, name, crane_type, max_lift_kg, is_active) VALUES ('cc507809-6fc7-4d3c-8638-3897945d6480', 'voluptate aliqua nisi amet ut nisi ullamco', 'ut eiusmod magna veniam', 3842.50, FALSE);

-- Seed data for cargo_operations.load_plans
INSERT INTO cargo_operations.load_plans (id, voyage_id, created_at, status) VALUES ('7bc36f68-892e-4281-9876-93728b18b7fd', '5c8b0290-7181-49e8-bac0-e3929bf6d2b0', '2024-04-14T15:41:35Z', 'tempor elit ullamco eiusmod in sit');
INSERT INTO cargo_operations.load_plans (id, voyage_id, created_at, status) VALUES ('ed6c1692-3786-4554-8dd7-507d1cd06219', 'd3d26728-1554-48ed-a460-9a355c246f06', '2024-02-06T21:48:50Z', 'do incidid sed');
INSERT INTO cargo_operations.load_plans (id, voyage_id, created_at, status) VALUES ('ce36abf4-e20c-4d90-b47a-3f4228fc555d', '27d09b07-148d-4174-a23f-81c8a999c827', '2025-12-28T14:54:24Z', 'irure et eiusmod veniam eiusmod magna');
INSERT INTO cargo_operations.load_plans (id, voyage_id, created_at, status) VALUES ('e4677705-f38e-4ac1-bb11-e59f2a7c47b1', '99d5e46f-6492-427b-bff5-1dc575da9251', '2025-07-27T13:45:31Z', 'dolor veniam incidid quis nisi labore nisi');
INSERT INTO cargo_operations.load_plans (id, voyage_id, created_at, status) VALUES ('a4b5d795-66df-4498-9d78-47b9c5be1d7a', '17cf089d-6b36-4787-9732-40c25df1da0a', '2024-05-27T22:25:36Z', 'consect aute nisi');
INSERT INTO cargo_operations.load_plans (id, voyage_id, created_at, status) VALUES ('c83fbe95-925c-4a56-afb2-e01539f28649', '1b598e96-ef1e-4d07-a340-2c42c9c13a60', '2025-06-19T15:39:01Z', 'consequat ut elit minim elit laboris amet');
INSERT INTO cargo_operations.load_plans (id, voyage_id, created_at, status) VALUES ('7c04e16b-db39-4375-8a8c-febb96b0095c', '8f2f94a9-ee3d-4168-b6f2-458bdafa7858', '2025-11-09T11:05:06Z', 'et sed et');
INSERT INTO cargo_operations.load_plans (id, voyage_id, created_at, status) VALUES ('9466ac12-86eb-486d-b50f-fe4d46f100cf', '39b43e38-b4e8-4752-9038-1f2b5137a45b', '2025-03-28T15:29:10Z', 'do ex nisi commodo enim et exercit');
INSERT INTO cargo_operations.load_plans (id, voyage_id, created_at, status) VALUES ('6befefcb-2b6c-4a7a-bd4e-865d4f42010c', '02e2066d-1115-4cab-a75c-96ffe89904b0', '2024-06-28T02:55:10Z', 'eiusmod laboris consect magna sed aliqua ad dolor');
INSERT INTO cargo_operations.load_plans (id, voyage_id, created_at, status) VALUES ('7972ab2e-a83e-485b-9352-c34584143b65', 'baf81125-cbaf-4cb2-9be2-fa3327dfa0ff', '2025-04-02T19:17:05Z', 'reprehend ea exercit elit');

-- Seed data for cargo_operations.discharge_sequences
INSERT INTO cargo_operations.discharge_sequences (id, load_plan_id, container_id, sequence_order, crane_id) VALUES ('5405a4ce-cf9d-46d8-b74c-0a6466010349', '7bc36f68-892e-4281-9876-93728b18b7fd', 'c151df7d-6ee5-42d6-a397-8fb9b92502a8', 8, 'd3a0c622-6789-4d2d-a49c-0328a7a57b41');
INSERT INTO cargo_operations.discharge_sequences (id, load_plan_id, container_id, sequence_order, crane_id) VALUES ('6093b248-2a91-4b36-80d6-e837a05cd9c1', 'ed6c1692-3786-4554-8dd7-507d1cd06219', '24d78d1d-1b25-40c5-981b-aef38522f794', 7925, '3f7c546d-ce44-486a-9c3f-f8888e6d6184');
INSERT INTO cargo_operations.discharge_sequences (id, load_plan_id, container_id, sequence_order, crane_id) VALUES ('d1ac1309-9a83-4060-bcf3-19a950b2c39b', 'ce36abf4-e20c-4d90-b47a-3f4228fc555d', '13016657-90d9-45c4-920d-5cd7b0d1e499', 5362, '8caf9564-af85-4977-ac80-3aa1f0aa5f1b');
INSERT INTO cargo_operations.discharge_sequences (id, load_plan_id, container_id, sequence_order, crane_id) VALUES ('20ddea98-a36e-445d-8999-d286aaacab56', 'e4677705-f38e-4ac1-bb11-e59f2a7c47b1', '5907059e-2371-48f4-8ca9-8403ada2dff9', 7069, 'c7a17072-4c58-4656-b171-260a003fd1f5');
INSERT INTO cargo_operations.discharge_sequences (id, load_plan_id, container_id, sequence_order, crane_id) VALUES ('854415c1-55b8-49fb-9e65-ceee66fe4c40', 'a4b5d795-66df-4498-9d78-47b9c5be1d7a', '78d78496-e22f-47dd-9cf4-dcb5962daa5c', 7346, '1a60c2d6-4d6b-4c4b-a6e4-b6afdfd27c88');
INSERT INTO cargo_operations.discharge_sequences (id, load_plan_id, container_id, sequence_order, crane_id) VALUES ('a7e463a5-cf5f-4e3c-be58-907fd0bcafbf', 'c83fbe95-925c-4a56-afb2-e01539f28649', 'd1a16c07-7908-4f9b-adbd-e60aebf5cbe4', 4515, 'd1a4a993-f095-4231-9570-1b8711c3c22c');
INSERT INTO cargo_operations.discharge_sequences (id, load_plan_id, container_id, sequence_order, crane_id) VALUES ('a4c8cf03-6f7f-4921-aaa2-8532ab04fe4e', '7c04e16b-db39-4375-8a8c-febb96b0095c', '8073c9d4-7bbb-4320-85d6-a0fd6fdc71f6', 3207, 'f14d7905-627d-4579-8a5c-cd17d9ed2fa1');
INSERT INTO cargo_operations.discharge_sequences (id, load_plan_id, container_id, sequence_order, crane_id) VALUES ('d1d03471-01cb-436e-a169-684a9afe4e2c', '9466ac12-86eb-486d-b50f-fe4d46f100cf', 'a425bc38-3ec0-4e48-9002-e3f0e61d8802', 1260, '0591c758-7e32-45fe-b837-e3a49ef45dcc');
INSERT INTO cargo_operations.discharge_sequences (id, load_plan_id, container_id, sequence_order, crane_id) VALUES ('884ef3b9-d5a6-45fa-b7e5-88390d9d3909', '6befefcb-2b6c-4a7a-bd4e-865d4f42010c', '2d99c35f-87c0-430e-a37a-71027fb942b7', 5786, '6ac6fe0b-04d1-4a7c-9998-db82ac49142a');
INSERT INTO cargo_operations.discharge_sequences (id, load_plan_id, container_id, sequence_order, crane_id) VALUES ('372d9d22-1118-450a-aab8-c82523739d6c', '7972ab2e-a83e-485b-9352-c34584143b65', '6d0dda73-503e-4cc7-a4a5-2b3bf9bebb5f', 7590, 'cc507809-6fc7-4d3c-8638-3897945d6480');

-- Seed data for cargo_operations.reefer_units
INSERT INTO cargo_operations.reefer_units (id, container_id, target_temp_c, current_temp_c, is_powered) VALUES ('dc9026a3-4e16-4c55-b223-8cab24524ffa', 'c151df7d-6ee5-42d6-a397-8fb9b92502a8', 1816.26, 4300.95, TRUE);
INSERT INTO cargo_operations.reefer_units (id, container_id, target_temp_c, current_temp_c, is_powered) VALUES ('45a2cddc-8df5-4187-92db-34bfb5613c0f', '24d78d1d-1b25-40c5-981b-aef38522f794', 2595.04, 3343.29, TRUE);
INSERT INTO cargo_operations.reefer_units (id, container_id, target_temp_c, current_temp_c, is_powered) VALUES ('a0d16662-967d-494e-869a-a79c0c3e1b8c', '13016657-90d9-45c4-920d-5cd7b0d1e499', 8224.08, NULL, TRUE);
INSERT INTO cargo_operations.reefer_units (id, container_id, target_temp_c, current_temp_c, is_powered) VALUES ('0e639cd9-947c-4826-bd71-4692d72b86f3', '5907059e-2371-48f4-8ca9-8403ada2dff9', 2601.19, 3712.94, TRUE);
INSERT INTO cargo_operations.reefer_units (id, container_id, target_temp_c, current_temp_c, is_powered) VALUES ('dab14bd0-db53-48d3-95f9-cd70d41aec49', '78d78496-e22f-47dd-9cf4-dcb5962daa5c', 7886.87, 9110.50, TRUE);
INSERT INTO cargo_operations.reefer_units (id, container_id, target_temp_c, current_temp_c, is_powered) VALUES ('6f96b63d-4c32-4862-9eb8-0b2288d4ba83', 'd1a16c07-7908-4f9b-adbd-e60aebf5cbe4', 1982.16, 9141.12, TRUE);
INSERT INTO cargo_operations.reefer_units (id, container_id, target_temp_c, current_temp_c, is_powered) VALUES ('3699bbda-487c-403a-80a7-271ebbd0f4ea', '8073c9d4-7bbb-4320-85d6-a0fd6fdc71f6', 3240.46, 4735.55, TRUE);
INSERT INTO cargo_operations.reefer_units (id, container_id, target_temp_c, current_temp_c, is_powered) VALUES ('d8f586a5-16a3-4bc2-895f-c7322a641580', 'a425bc38-3ec0-4e48-9002-e3f0e61d8802', 2184.02, 5159.51, TRUE);
INSERT INTO cargo_operations.reefer_units (id, container_id, target_temp_c, current_temp_c, is_powered) VALUES ('7228740d-fb8c-4c50-a754-d9e0ab9bb1f3', '2d99c35f-87c0-430e-a37a-71027fb942b7', 4122.47, 3297.59, TRUE);
INSERT INTO cargo_operations.reefer_units (id, container_id, target_temp_c, current_temp_c, is_powered) VALUES ('3bbf5de9-d3bf-4a08-8b05-b5bf23b63d9f', '6d0dda73-503e-4cc7-a4a5-2b3bf9bebb5f', 7871.40, 3175.83, FALSE);

-- Seed data for cargo_operations.yard_slots
INSERT INTO cargo_operations.yard_slots (id, code, max_weight_kg, max_tier, has_power, is_occupied) VALUES ('921cad97-d114-4c28-b1e5-dff2df519513', 'code_0', 2326.50, 3981, FALSE, TRUE);
INSERT INTO cargo_operations.yard_slots (id, code, max_weight_kg, max_tier, has_power, is_occupied) VALUES ('867765d1-f188-4a7c-abd8-7ea2fa336ddf', 'code_1', 7968.46, 3361, FALSE, TRUE);
INSERT INTO cargo_operations.yard_slots (id, code, max_weight_kg, max_tier, has_power, is_occupied) VALUES ('74f615ca-8028-48f7-be2f-bf320d95f3c8', 'code_2', 3865.64, 416, FALSE, TRUE);
INSERT INTO cargo_operations.yard_slots (id, code, max_weight_kg, max_tier, has_power, is_occupied) VALUES ('0ea13734-aea9-4eb0-b2ae-af4c160b419d', 'code_3', 6998.94, 7295, TRUE, FALSE);
INSERT INTO cargo_operations.yard_slots (id, code, max_weight_kg, max_tier, has_power, is_occupied) VALUES ('98741d78-d6f2-43c4-a95a-a81097f6f4f5', 'code_4', 4544.63, 8448, TRUE, TRUE);
INSERT INTO cargo_operations.yard_slots (id, code, max_weight_kg, max_tier, has_power, is_occupied) VALUES ('7648c610-e4fd-4bd4-9c75-c017d243329d', 'code_5', 7036.17, 4558, TRUE, FALSE);
INSERT INTO cargo_operations.yard_slots (id, code, max_weight_kg, max_tier, has_power, is_occupied) VALUES ('bd9d3322-20c4-4cf6-bbd6-3c30c499e47a', 'code_6', 5862.62, 6455, TRUE, TRUE);
INSERT INTO cargo_operations.yard_slots (id, code, max_weight_kg, max_tier, has_power, is_occupied) VALUES ('7461217f-9c55-4155-8d4f-167b5ca98514', 'code_7', 226.71, 6451, TRUE, FALSE);
INSERT INTO cargo_operations.yard_slots (id, code, max_weight_kg, max_tier, has_power, is_occupied) VALUES ('950d364f-67ba-43a0-be8c-5af2f9e9d5e8', 'code_8', 925.54, 1509, TRUE, TRUE);
INSERT INTO cargo_operations.yard_slots (id, code, max_weight_kg, max_tier, has_power, is_occupied) VALUES ('12f4161a-14fb-4b89-9f09-90a1a5bab6bc', 'code_9', 513.21, 361, TRUE, TRUE);

COMMIT;
