-- SPDX-License-Identifier: AGPL-3.0-or-later OR LicenseRef-Muscovite-Commercial
-- Copyright (c) 2025-2026 Johannes Lochmann
--
-- This software is dual-licensed:
--  - GNU Affero General Public License v3 (AGPL-3.0), see LICENSE-AGPL
--  - Commercial license, contact muscovite-licensing@johanneslochmann.net
--
-- Generated by Muscovite - DO NOT EDIT
-- Any changes will be overwritten on regeneration.
-- Test seed data for context: PassengerTerminal
-- Generated by muscomp test-data generator. DO NOT EDIT.

BEGIN;

-- Seed data for passenger_terminal.gates
INSERT INTO passenger_terminal.gates (id, code, name, capacity, status, voyage_id) VALUES ('c151df7d-6ee5-42d6-a397-8fb9b92502a8', 'code_0', 'consect irure sit veniam labore eiusmod et', 124, 'laboris exercit consequat in ex', '0bfb4855-2d60-4c21-9089-4433f9475527');
INSERT INTO passenger_terminal.gates (id, code, name, capacity, status, voyage_id) VALUES ('bf62e22b-9623-4b4b-a639-bc290a9eeb52', 'code_1', 'amet consect sit minim', 4462, 'amet aliquip incidid ex commodo ipsum in', '6a822964-2064-4d5e-8c31-7a47961d9218');
INSERT INTO passenger_terminal.gates (id, code, name, capacity, status, voyage_id) VALUES ('04f0dca8-b02d-4c43-b32a-05a58b5024d7', 'code_2', 'minim enim sed nostrud enim', 3840, 'dolore magna sit dolor commodo enim', 'fed5bb62-9d49-42f1-984e-0108fb06303d');
INSERT INTO passenger_terminal.gates (id, code, name, capacity, status, voyage_id) VALUES ('9e795eeb-3d4a-41fb-93a9-703bf5ddf9c8', 'code_3', 'enim commodo enim magna incidid tempor ad labore', 7638, 'laboris aliquip ullamco commodo', 'a6ef782f-0bf1-446d-8b39-9e14a3dbe0c4');
INSERT INTO passenger_terminal.gates (id, code, name, capacity, status, voyage_id) VALUES ('670e15a0-af90-43f4-afc5-f70e9f8cc5c8', 'code_4', 'tempor aliquip quis labore', 1387, 'quis ad nostrud dolor labore aliquip', '654028ee-86f4-4566-aeaf-3186e0eccb37');
INSERT INTO passenger_terminal.gates (id, code, name, capacity, status, voyage_id) VALUES ('bd9af33f-4361-4ba4-bae9-656310431dd8', 'code_5', 'amet ea do sit aute', 4721, 'laboris consect', '9ad2460e-f13a-4ea6-9b20-acd104d03671');
INSERT INTO passenger_terminal.gates (id, code, name, capacity, status, voyage_id) VALUES ('c4d934cf-9290-4d12-addc-6d68d717f94e', 'code_6', 'et labore consequat ex ullamco aute dolor incidid', 2932, 'adipis duis enim tempor', '6dbde60a-ebf5-4be4-9475-ee02bbc875ad');
INSERT INTO passenger_terminal.gates (id, code, name, capacity, status, voyage_id) VALUES ('e03e89c3-8000-45f4-8abd-bf1e42d853df', 'code_7', 'duis ipsum aliquip dolor sed exercit magna ut', 3568, 'ut aliquip adipis ullamco sit dolore', '8449bd83-49a4-4ada-abed-fdf15a691a5a');
INSERT INTO passenger_terminal.gates (id, code, name, capacity, status, voyage_id) VALUES ('b8c793e0-dfe1-4368-8073-c9d47bbb9320', 'code_8', 'et ea elit ut veniam', 813, 'magna aliqua sed', 'fda24117-168c-417d-a716-519345f99c9b');
INSERT INTO passenger_terminal.gates (id, code, name, capacity, status, voyage_id) VALUES ('6147309e-3e76-46ee-bb72-be688e3c734b', 'code_9', 'aliqua incidid tempor aliqua', 6413, 'ad labore', '6deb569d-22f5-48eb-b309-e77e61f4441f');

-- Seed data for passenger_terminal.passengers
INSERT INTO passenger_terminal.passengers (id, booking_ref, passenger_type, voyage_id, status) VALUES ('002f1afa-a25a-4949-a362-b384b3f0f039', 'booking_ref_0', 'elit aute ea', '68929dda-fb94-43be-99d2-36e53fee9fc4', 'reprehend eiusmod dolor exercit veniam elit');
INSERT INTO passenger_terminal.passengers (id, booking_ref, passenger_type, voyage_id, status) VALUES ('e37a7102-7fb9-42b7-b229-a2135d8b5ee4', 'booking_ref_1', 'adipis irure', '7484c2a7-666e-4ca6-9102-6db6513962f8', 'magna incidid amet elit');
INSERT INTO passenger_terminal.passengers (id, booking_ref, passenger_type, voyage_id, status) VALUES ('3d967b74-da1b-4f21-a113-dfacbe62b98d', 'booking_ref_2', 'sed adipis adipis adipis amet', '35f69217-ad61-4dfd-b3ac-6acd92b01e97', 'et consect consect et');
INSERT INTO passenger_terminal.passengers (id, booking_ref, passenger_type, voyage_id, status) VALUES ('32acfaa7-0b41-4300-a96f-8bace5aa97a4', 'booking_ref_3', 'consequat ullamco ut in', '6383d008-802c-4915-972c-7165ccd006b9', 'dolore exercit in elit dolore');
INSERT INTO passenger_terminal.passengers (id, booking_ref, passenger_type, voyage_id, status) VALUES ('d3a0c622-6789-4d2d-a49c-0328a7a57b41', 'booking_ref_4', 'ea exercit', 'e8a5bfc7-1df9-4756-bb06-905fdccc8153', 'sed dolore dolore exercit irure nisi tempor elit');
INSERT INTO passenger_terminal.passengers (id, booking_ref, passenger_type, voyage_id, status) VALUES ('3f7c546d-ce44-486a-9c3f-f8888e6d6184', 'booking_ref_5', 'adipis ipsum', '0422759b-fa0a-45eb-b395-bf0320cf6385', 'ipsum labore minim');
INSERT INTO passenger_terminal.passengers (id, booking_ref, passenger_type, voyage_id, status) VALUES ('2c803aa1-f0aa-4f1b-b09f-84bfa0439699', 'booking_ref_6', 'ad dolor dolor quis reprehend minim adipis', 'bcf9bad0-c846-4421-9a7b-5e43480447f0', 'duis irure adipis ea in');
INSERT INTO passenger_terminal.passengers (id, booking_ref, passenger_type, voyage_id, status) VALUES ('89cbf2d3-cd05-44a4-b805-60676ef0a619', 'booking_ref_7', 'voluptate amet adipis', 'd41bb333-6dbc-4e4e-b676-20daa5246dd6', 'reprehend aliqua ipsum reprehend ullamco aliqua');
INSERT INTO passenger_terminal.passengers (id, booking_ref, passenger_type, voyage_id, status) VALUES ('2a04b0a0-9409-48a6-9a60-c2d64d6bfc4b', 'booking_ref_8', 'aute adipis do', '27a1993f-f8b0-4159-aee2-a3204d637b56', 'et nostrud incidid irure nisi nisi');
INSERT INTO passenger_terminal.passengers (id, booking_ref, passenger_type, voyage_id, status) VALUES ('0d87a641-cc30-4d58-9f6f-934a09478c01', 'booking_ref_9', 'irure amet aliqua voluptate', 'd65de0ed-7fc2-4764-91a4-a993f095e231', 'aliqua duis nostrud exercit ipsum irure');

-- Seed data for passenger_terminal.boarding_passes
INSERT INTO passenger_terminal.boarding_passes (id, passenger_id, gate_id, boarding_group, seat_number, issued_at, scanned_at) VALUES ('cbe499f4-b580-4a21-a9fd-7e753e75596b', '002f1afa-a25a-4949-a362-b384b3f0f039', 'c151df7d-6ee5-42d6-a397-8fb9b92502a8', 'elit adipis quis aute veniam dolor reprehend in', 'dolore consequat', '2024-03-17T01:08:55Z', '2024-01-16T16:23:31Z');
INSERT INTO passenger_terminal.boarding_passes (id, passenger_id, gate_id, boarding_group, seat_number, issued_at, scanned_at) VALUES ('be8e0f36-bbe0-4159-9729-c43a1dc40af8', 'e37a7102-7fb9-42b7-b229-a2135d8b5ee4', 'bf62e22b-9623-4b4b-a639-bc290a9eeb52', 'ad veniam ipsum', 'dolor in aliqua labore duis dolore quis', '2024-01-20T11:51:43Z', '2024-01-05T08:49:06Z');
INSERT INTO passenger_terminal.boarding_passes (id, passenger_id, gate_id, boarding_group, seat_number, issued_at, scanned_at) VALUES ('947e9ffa-2f54-4d7b-a2b0-2bea371da833', '3d967b74-da1b-4f21-a113-dfacbe62b98d', '04f0dca8-b02d-4c43-b32a-05a58b5024d7', 'labore amet ea ad ex voluptate', 'amet ut nisi ullamco et ut', '2024-10-11T13:25:15Z', '2024-08-20T14:13:21Z');
INSERT INTO passenger_terminal.boarding_passes (id, passenger_id, gate_id, boarding_group, seat_number, issued_at, scanned_at) VALUES ('45a92cb8-5c0e-4df5-adab-81be632ba7df', '32acfaa7-0b41-4300-a96f-8bace5aa97a4', '9e795eeb-3d4a-41fb-93a9-703bf5ddf9c8', 'tempor elit ullamco eiusmod in sit', 'consequat exercit consequat commodo', '2024-04-11T02:11:52Z', '2024-05-05T10:48:12Z');
INSERT INTO passenger_terminal.boarding_passes (id, passenger_id, gate_id, boarding_group, seat_number, issued_at, scanned_at) VALUES ('e6ab2c68-375b-42f3-9f07-4af2f5bd265b', 'd3a0c622-6789-4d2d-a49c-0328a7a57b41', '670e15a0-af90-43f4-afc5-f70e9f8cc5c8', 'in in nostrud irure et eiusmod veniam eiusmod', 'enim nostrud enim minim ex veniam in veniam', '2025-04-16T01:44:49Z', '2025-02-04T15:42:21Z');
INSERT INTO passenger_terminal.boarding_passes (id, passenger_id, gate_id, boarding_group, seat_number, issued_at, scanned_at) VALUES ('9da0706a-b203-4c75-ad24-a61d0a15f2fd', '3f7c546d-ce44-486a-9c3f-f8888e6d6184', 'bd9af33f-4361-4ba4-bae9-656310431dd8', 'in et enim elit consect aute nisi ea', 'exercit ipsum', '2025-08-14T15:39:39Z', '2024-09-06T12:11:20Z');
INSERT INTO passenger_terminal.boarding_passes (id, passenger_id, gate_id, boarding_group, seat_number, issued_at, scanned_at) VALUES ('7c04e16b-db39-4375-8a8c-febb96b0095c', '2c803aa1-f0aa-4f1b-b09f-84bfa0439699', 'c4d934cf-9290-4d12-addc-6d68d717f94e', 'nisi amet sit enim incidid', 'sed et sed et quis aliqua', '2025-08-14T04:18:13Z', '2025-09-22T05:47:48Z');
INSERT INTO passenger_terminal.boarding_passes (id, passenger_id, gate_id, boarding_group, seat_number, issued_at, scanned_at) VALUES ('7fbe4f1b-d737-4e01-a4aa-29a0e8299e59', '89cbf2d3-cd05-44a4-b805-60676ef0a619', 'e03e89c3-8000-45f4-8abd-bf1e42d853df', 'dolore aliquip lorem dolore adipis in', NULL, '2025-04-27T08:26:58Z', NULL);
INSERT INTO passenger_terminal.boarding_passes (id, passenger_id, gate_id, boarding_group, seat_number, issued_at, scanned_at) VALUES ('6e10f266-8f99-49a7-b86a-acad54c695cb', '2a04b0a0-9409-48a6-9a60-c2d64d6bfc4b', 'b8c793e0-dfe1-4368-8073-c9d47bbb9320', 'ad dolor aliqua consequat aliquip', NULL, '2025-04-02T19:17:05Z', '2025-04-06T15:46:57Z');
INSERT INTO passenger_terminal.boarding_passes (id, passenger_id, gate_id, boarding_group, seat_number, issued_at, scanned_at) VALUES ('002e5532-006d-49ac-a093-b2482a910b36', '0d87a641-cc30-4d58-9f6f-934a09478c01', '6147309e-3e76-46ee-bb72-be688e3c734b', 'ea commodo aliquip minim consect minim nisi', 'aliquip ullamco voluptate aliqua exercit dolore incidid commodo', '2024-07-14T12:07:22Z', '2024-07-06T10:51:45Z');

COMMIT;
