-- SPDX-License-Identifier: AGPL-3.0-or-later OR LicenseRef-Muscovite-Commercial
-- Copyright (c) 2025-2026 Johannes Lochmann
--
-- This software is dual-licensed:
--  - GNU Affero General Public License v3 (AGPL-3.0), see LICENSE-AGPL
--  - Commercial license, contact muscovite-licensing@johanneslochmann.net
--
-- Generated by Muscovite - DO NOT EDIT
-- Any changes will be overwritten on regeneration.
-- Test seed data for context: VesselTraffic
-- Generated by muscomp test-data generator. DO NOT EDIT.

BEGIN;

-- Seed data for vessel_traffic.berths
INSERT INTO vessel_traffic.berths (id, code, name, max_loa_metres, max_draft_metres, max_beam_metres, has_crane_access, has_reefer_plugs, is_active) VALUES ('c151df7d-6ee5-42d6-a397-8fb9b92502a8', 'code_0', 'consect irure sit veniam labore eiusmod et', 123.83, 5237.06, 6852.71, TRUE, FALSE, FALSE);
INSERT INTO vessel_traffic.berths (id, code, name, max_loa_metres, max_draft_metres, max_beam_metres, has_crane_access, has_reefer_plugs, is_active) VALUES ('c0d2eda5-53d1-4c36-b2ec-29f7fc409872', 'code_1', 'dolor aliquip', 1493.18, 4252.55, 1000.47, TRUE, TRUE, TRUE);
INSERT INTO vessel_traffic.berths (id, code, name, max_loa_metres, max_draft_metres, max_beam_metres, has_crane_access, has_reefer_plugs, is_active) VALUES ('7239f67b-ad25-46ec-85e4-8fc8e6f31d96', 'code_2', 'aliquip incidid', 7509.69, 8043.32, 435.17, FALSE, FALSE, TRUE);
INSERT INTO vessel_traffic.berths (id, code, name, max_loa_metres, max_draft_metres, max_beam_metres, has_crane_access, has_reefer_plugs, is_active) VALUES ('4c317a47-961d-4218-84f0-dca8b02d0c43', 'code_3', 'aliqua minim enim sed nostrud enim', 3839.46, 6671.04, 4159.79, TRUE, TRUE, TRUE);
INSERT INTO vessel_traffic.berths (id, code, name, max_loa_metres, max_draft_metres, max_beam_metres, has_crane_access, has_reefer_plugs, is_active) VALUES ('d20d5cd7-b0d1-4499-ba3e-0cb3db38f9f3', 'code_4', 'voluptate quis nostrud quis duis', 4757.19, 8237.71, 4917.87, TRUE, TRUE, TRUE);
INSERT INTO vessel_traffic.berths (id, code, name, max_loa_metres, max_draft_metres, max_beam_metres, has_crane_access, has_reefer_plugs, is_active) VALUES ('85d5b800-b5ee-4c0d-9d68-2face1d91cfe', 'code_5', 'incidid laboris aliquip ullamco commodo ea ullamco', 7938.48, 4025.59, 9366.14, TRUE, TRUE, FALSE);
INSERT INTO vessel_traffic.berths (id, code, name, max_loa_metres, max_draft_metres, max_beam_metres, has_crane_access, has_reefer_plugs, is_active) VALUES ('98088ed3-75f6-4a22-9a46-c424f4f4df37', 'code_6', 'nostrud quis', 5216.12, 6129.13, 591.74, TRUE, FALSE, TRUE);
INSERT INTO vessel_traffic.berths (id, code, name, max_loa_metres, max_draft_metres, max_beam_metres, has_crane_access, has_reefer_plugs, is_active) VALUES ('654028ee-86f4-4566-aeaf-3186e0eccb37', 'code_7', 'do minim amet ea do sit aute', 4720.39, 1131.11, 6924.39, TRUE, FALSE, TRUE);
INSERT INTO vessel_traffic.berths (id, code, name, max_loa_metres, max_draft_metres, max_beam_metres, has_crane_access, has_reefer_plugs, is_active) VALUES ('5b20acd1-04d0-4671-84d9-34cf92904d12', 'code_8', 'voluptate et labore consequat ex ullamco aute dolor', 3244.67, 2931.46, 4164.80, TRUE, FALSE, TRUE);
INSERT INTO vessel_traffic.berths (id, code, name, max_loa_metres, max_draft_metres, max_beam_metres, has_crane_access, has_reefer_plugs, is_active) VALUES ('4a793bcc-a72c-4c17-91a1-6c077908af9b', 'code_9', 'sit aute ea irure duis', 266.29, 7446.65, 700.45, TRUE, TRUE, TRUE);

-- Seed data for vessel_traffic.tide_windows
INSERT INTO vessel_traffic.tide_windows (id, berth_id, tide_height_metres, available_draft) VALUES ('5531816d-1467-44b9-9b56-811e9841396e', 'c151df7d-6ee5-42d6-a397-8fb9b92502a8', 7043.54, 3384.41);
INSERT INTO vessel_traffic.tide_windows (id, berth_id, tide_height_metres, available_draft) VALUES ('be1c8f0a-0f62-40a2-a9f1-55774506a8fb', 'c0d2eda5-53d1-4c36-b2ec-29f7fc409872', 6521.07, 811.89);
INSERT INTO vessel_traffic.tide_windows (id, berth_id, tide_height_metres, available_draft) VALUES ('66849549-d0e0-471a-9bc1-0ef75cc8a817', '7239f67b-ad25-46ec-85e4-8fc8e6f31d96', 5167.50, 6716.00);
INSERT INTO vessel_traffic.tide_windows (id, berth_id, tide_height_metres, available_draft) VALUES ('b8c793e0-dfe1-4368-8073-c9d47bbb9320', '4c317a47-961d-4218-84f0-dca8b02d0c43', 5228.06, 3973.03);
INSERT INTO vessel_traffic.tide_windows (id, berth_id, tide_height_metres, available_draft) VALUES ('caad9ecb-5880-4f6f-b007-675ae523ac53', 'd20d5cd7-b0d1-4499-ba3e-0cb3db38f9f3', 3496.81, 5544.96);
INSERT INTO vessel_traffic.tide_windows (id, berth_id, tide_height_metres, available_draft) VALUES ('14cb199e-b6c1-44f3-bbb7-aee645444166', '85d5b800-b5ee-4c0d-9d68-2face1d91cfe', 4324.47, 4732.59);
INSERT INTO vessel_traffic.tide_windows (id, berth_id, tide_height_metres, available_draft) VALUES ('37bb925a-3722-4fde-9926-7a716c2bcf4b', '98088ed3-75f6-4a22-9a46-c424f4f4df37', 9907.57, 9026.84);
INSERT INTO vessel_traffic.tide_windows (id, berth_id, tide_height_metres, available_draft) VALUES ('6147309e-3e76-46ee-bb72-be688e3c734b', '654028ee-86f4-4566-aeaf-3186e0eccb37', 2906.05, 4525.03);
INSERT INTO vessel_traffic.tide_windows (id, berth_id, tide_height_metres, available_draft) VALUES ('4f72e0bc-23ef-48b4-89fd-e5a5333060dc', '5b20acd1-04d0-4671-84d9-34cf92904d12', 4505.04, 6412.01);
INSERT INTO vessel_traffic.tide_windows (id, berth_id, tide_height_metres, available_draft) VALUES ('1002e3f0-e61d-4802-82bd-f82d8c203068', '4a793bcc-a72c-4c17-91a1-6c077908af9b', 3514.96, 7635.27);

-- Seed data for vessel_traffic.vessels
INSERT INTO vessel_traffic.vessels (id, imo_number, mmsi, call_sign, name, vessel_type, flag_state, is_active) VALUES ('6deb569d-22f5-48eb-b309-e77e61f4441f', 'imo_number_0', 'mmsi_0', 'call_sign_0', 'exercit eiusmod', 'aute ea dolore', 'ullamco reprehend', TRUE);
INSERT INTO vessel_traffic.vessels (id, imo_number, mmsi, call_sign, name, vessel_type, flag_state, is_active) VALUES ('130a1b50-9c2a-44d8-a1e7-7652003f01da', 'imo_number_1', 'mmsi_1', 'call_sign_1', 'elit aute magna amet adipis irure', 'commodo dolore magna incidid amet', 'do aute magna', TRUE);
INSERT INTO vessel_traffic.vessels (id, imo_number, mmsi, call_sign, name, vessel_type, flag_state, is_active) VALUES ('298c5d4d-c6b9-4bc6-ac58-435b64456644', 'imo_number_2', 'mmsi_2', 'call_sign_2', 'amet sed reprehend', 'et consect consect et', 'adipis ut consequat', TRUE);
INSERT INTO vessel_traffic.vessels (id, imo_number, mmsi, call_sign, name, vessel_type, flag_state, is_active) VALUES ('53691744-aa2e-44b9-ad1c-18a2a7939349', 'imo_number_3', 'mmsi_3', 'call_sign_3', 'quis ad dolore exercit', 'elit dolore consequat exercit sit ea exercit irure', 'duis sed dolore', TRUE);
INSERT INTO vessel_traffic.vessels (id, imo_number, mmsi, call_sign, name, vessel_type, flag_state, is_active) VALUES ('a0cc5881-3c11-42f7-ac86-39df999556e0', 'imo_number_4', 'mmsi_4', 'call_sign_4', 'tempor elit do labore dolor adipis ipsum', 'aliqua do', 'labore minim', TRUE);
INSERT INTO vessel_traffic.vessels (id, imo_number, mmsi, call_sign, name, vessel_type, flag_state, is_active) VALUES ('b09f84bf-a043-4699-8a0e-d3c302bbcfab', 'imo_number_5', 'mmsi_5', 'call_sign_5', 'dolor dolor quis reprehend minim', 'aliquip amet minim', 'irure adipis ea in minim nisi adipis voluptate', TRUE);
INSERT INTO vessel_traffic.vessels (id, imo_number, mmsi, call_sign, name, vessel_type, flag_state, is_active) VALUES ('2678322d-dc3d-40ba-941b-b3336dbc8e4e', 'imo_number_6', 'mmsi_6', 'call_sign_6', 'nisi reprehend aliqua ipsum reprehend', 'aliqua adipis amet adipis aute adipis', 'adipis magna nostrud', TRUE);
INSERT INTO vessel_traffic.vessels (id, imo_number, mmsi, call_sign, name, vessel_type, flag_state, is_active) VALUES ('9cd39d75-95e1-4d09-8fcc-8a398b0da64b', 'imo_number_7', 'mmsi_7', 'call_sign_7', 'nisi nisi dolor amet labore irure amet aliqua', 'consequat commodo quis aliqua duis nostrud exercit ipsum', 'ea adipis reprehend elit adipis quis aute veniam', TRUE);
INSERT INTO vessel_traffic.vessels (id, imo_number, mmsi, call_sign, name, vessel_type, flag_state, is_active) VALUES ('f90dfa53-3c67-4fde-b14d-7905627d5579', 'imo_number_8', 'mmsi_8', 'call_sign_8', 'amet dolore consequat irure consect', 'veniam elit', 'ullamco ad', TRUE);
INSERT INTO vessel_traffic.vessels (id, imo_number, mmsi, call_sign, name, vessel_type, flag_state, is_active) VALUES ('acd6841c-78de-47fa-8af4-10aeea5e4b1c', 'imo_number_9', 'mmsi_9', 'call_sign_9', 'aliqua aliquip', 'adipis ad veniam ipsum dolore commodo dolor', 'aliqua labore duis dolore quis aliquip duis aliqua', TRUE);

-- Seed data for vessel_traffic.voyages
INSERT INTO vessel_traffic.voyages (id, vessel_id, berth_id, voyage_number, eta, ata, etd, atd, cargo_category, status) VALUES ('04f6074a-8a26-4dca-a35b-404ecde57ec1', '6deb569d-22f5-48eb-b309-e77e61f4441f', 'c151df7d-6ee5-42d6-a397-8fb9b92502a8', 'amet commodo labore adipis dolor', '2024-05-18T15:34:11Z', '2024-09-13T23:46:31Z', '2024-04-10T09:39:42Z', '2024-05-24T11:46:23Z', 'laboris exercit enim eiusmod magna laboris', 'elit ullamco eiusmod');
INSERT INTO vessel_traffic.voyages (id, vessel_id, berth_id, voyage_number, eta, ata, etd, atd, cargo_category, status) VALUES ('f047ca59-1553-4d5c-983e-8c87b3673226', '130a1b50-9c2a-44d8-a1e7-7652003f01da', 'c0d2eda5-53d1-4c36-b2ec-29f7fc409872', 'incidid consequat exercit consequat commodo aute elit sit', '2025-03-09T05:16:22Z', '2025-08-26T09:23:09Z', '2025-04-11T22:37:56Z', '2025-06-17T11:53:25Z', 'veniam in veniam commodo aliquip dolor veniam', 'quis nisi labore nisi');
INSERT INTO vessel_traffic.voyages (id, vessel_id, berth_id, voyage_number, eta, ata, etd, atd, cargo_category, status) VALUES ('a4b5d795-66df-4498-9d78-47b9c5be1d7a', '298c5d4d-c6b9-4bc6-ac58-435b64456644', '7239f67b-ad25-46ec-85e4-8fc8e6f31d96', 'consequat nostrud', '2024-06-12T22:55:25Z', NULL, '2024-08-03T16:46:42Z', '2025-10-18T11:39:39Z', 'elit minim elit laboris', 'enim tempor');
INSERT INTO vessel_traffic.voyages (id, vessel_id, berth_id, voyage_number, eta, ata, etd, atd, cargo_category, status) VALUES ('8f2f94a9-ee3d-4168-b6f2-458bdafa7858', '53691744-aa2e-44b9-ad1c-18a2a7939349', '4c317a47-961d-4218-84f0-dca8b02d0c43', 'sit enim', '2024-05-06T14:53:18Z', '2024-03-09T05:27:34Z', '2025-03-23T19:12:57Z', '2025-06-18T09:29:48Z', 'dolore adipis', 'amet voluptate magna labore in eiusmod laboris consect');
INSERT INTO vessel_traffic.voyages (id, vessel_id, berth_id, voyage_number, eta, ata, etd, atd, cargo_category, status) VALUES ('6e10f266-8f99-49a7-b86a-acad54c695cb', 'a0cc5881-3c11-42f7-ac86-39df999556e0', 'd20d5cd7-b0d1-4499-ba3e-0cb3db38f9f3', 'ad dolor aliqua consequat aliquip', '2024-01-23T06:05:06Z', '2024-03-19T18:57:19Z', '2025-10-23T18:22:00Z', '2025-11-15T16:32:07Z', 'voluptate aliqua exercit dolore incidid commodo', 'consect minim aliqua quis');
INSERT INTO vessel_traffic.voyages (id, vessel_id, berth_id, voyage_number, eta, ata, etd, atd, cargo_category, status) VALUES ('372d9d22-1118-450a-aab8-c82523739d6c', 'b09f84bf-a043-4699-8a0e-d3c302bbcfab', '85d5b800-b5ee-4c0d-9d68-2face1d91cfe', 'duis magna elit minim magna ut eiusmod', '2025-05-10T15:15:49Z', '2024-03-02T12:01:49Z', '2025-10-03T20:33:22Z', '2025-08-06T20:26:03Z', 'sed eiusmod incidid nisi aliqua dolore', 'minim sed minim ad ullamco magna adipis');
INSERT INTO vessel_traffic.voyages (id, vessel_id, berth_id, voyage_number, eta, ata, etd, atd, cargo_category, status) VALUES ('69890c07-c217-4d24-9b7b-087409664bb9', '2678322d-dc3d-40ba-941b-b3336dbc8e4e', '98088ed3-75f6-4a22-9a46-c424f4f4df37', 'dolor do minim ea', '2024-03-16T23:19:18Z', '2024-10-05T12:08:58Z', '2025-01-11T05:27:13Z', '2025-02-21T16:41:03Z', 'adipis aliqua consequat nostrud sed aliqua', 'nisi aliqua');
INSERT INTO vessel_traffic.voyages (id, vessel_id, berth_id, voyage_number, eta, ata, etd, atd, cargo_category, status) VALUES ('89389c92-1d00-48d6-8bc4-8060147098fc', '9cd39d75-95e1-4d09-8fcc-8a398b0da64b', '654028ee-86f4-4566-aeaf-3186e0eccb37', 'do quis exercit veniam aliqua aliqua dolor', '2025-07-23T14:38:01Z', NULL, NULL, NULL, 'dolor labore dolor', 'aliqua enim');
INSERT INTO vessel_traffic.voyages (id, vessel_id, berth_id, voyage_number, eta, ata, etd, atd, cargo_category, status) VALUES ('f52b9ed5-7a41-4529-bacd-eadfd15ed653', 'f90dfa53-3c67-4fde-b14d-7905627d5579', '5b20acd1-04d0-4671-84d9-34cf92904d12', 'quis eiusmod ipsum', '2025-06-04T07:38:02Z', '2025-02-07T15:20:57Z', '2024-10-26T15:59:50Z', '2024-02-04T16:08:33Z', 'tempor elit enim', 'commodo incidid quis ut exercit');
INSERT INTO vessel_traffic.voyages (id, vessel_id, berth_id, voyage_number, eta, ata, etd, atd, cargo_category, status) VALUES ('e536d60a-56c3-41e9-9f07-92376f766d30', 'acd6841c-78de-47fa-8af4-10aeea5e4b1c', '4a793bcc-a72c-4c17-91a1-6c077908af9b', 'sed minim ipsum sit', '2025-08-22T14:23:59Z', '2025-10-28T18:48:31Z', NULL, '2025-07-06T01:55:54Z', 'quis nostrud magna voluptate veniam amet enim in', 'sed quis enim consequat elit');

-- Seed data for vessel_traffic.pilot_assignments
INSERT INTO vessel_traffic.pilot_assignments (id, voyage_id, pilot_name, pilot_zone, boarding_time, disembark_time) VALUES ('f48e6522-aea7-4887-9454-c87031ba3691', '04f6074a-8a26-4dca-a35b-404ecde57ec1', 'elit ullamco', 'et reprehend quis', '2024-09-09T21:55:57Z', NULL);
INSERT INTO vessel_traffic.pilot_assignments (id, voyage_id, pilot_name, pilot_zone, boarding_time, disembark_time) VALUES ('1f2a1dbd-4c3a-4101-b3d1-099fbc1779a8', 'f047ca59-1553-4d5c-983e-8c87b3673226', 'nostrud in ullamco', 'tempor nostrud irure ea adipis', '2024-06-07T17:54:29Z', '2025-08-14T12:51:15Z');
INSERT INTO vessel_traffic.pilot_assignments (id, voyage_id, pilot_name, pilot_zone, boarding_time, disembark_time) VALUES ('f0747930-5e67-40ea-81d1-8c625800317e', 'a4b5d795-66df-4498-9d78-47b9c5be1d7a', 'labore aute elit ullamco', 'ullamco dolore quis eiusmod ad dolore', '2025-12-04T20:32:51Z', NULL);
INSERT INTO vessel_traffic.pilot_assignments (id, voyage_id, pilot_name, pilot_zone, boarding_time, disembark_time) VALUES ('9f182bb2-d507-4c37-9668-eebd7b45fe1d', '8f2f94a9-ee3d-4168-b6f2-458bdafa7858', 'dolore ad laboris', 'do ut ut in magna adipis duis eiusmod', '2024-12-08T15:08:23Z', NULL);
INSERT INTO vessel_traffic.pilot_assignments (id, voyage_id, pilot_name, pilot_zone, boarding_time, disembark_time) VALUES ('2d2d0394-4d34-43b4-b5c5-2062da22b8ef', '6e10f266-8f99-49a7-b86a-acad54c695cb', 'commodo veniam', 'irure minim labore ea commodo consect', '2024-03-11T05:16:36Z', '2024-09-11T22:47:39Z');
INSERT INTO vessel_traffic.pilot_assignments (id, voyage_id, pilot_name, pilot_zone, boarding_time, disembark_time) VALUES ('1fc7b4de-7cc7-418f-844c-b4bc58be1a6a', '372d9d22-1118-450a-aab8-c82523739d6c', 'aliquip exercit elit commodo', 'amet nostrud in ea lorem', '2024-11-15T17:41:53Z', NULL);
INSERT INTO vessel_traffic.pilot_assignments (id, voyage_id, pilot_name, pilot_zone, boarding_time, disembark_time) VALUES ('8590ecc8-d3c7-4019-b158-c11a50a1a6c3', '69890c07-c217-4d24-9b7b-087409664bb9', 'aliqua quis amet incidid ex eiusmod exercit', 'duis minim enim aliquip sed irure veniam', '2025-01-10T06:34:12Z', '2024-08-16T10:59:07Z');
INSERT INTO vessel_traffic.pilot_assignments (id, voyage_id, pilot_name, pilot_zone, boarding_time, disembark_time) VALUES ('e9555c99-1a81-4d53-8a52-a43cdfeb2568', '89389c92-1d00-48d6-8bc4-8060147098fc', 'lorem aliquip', 'duis sit aliquip labore', '2024-02-03T19:17:50Z', '2024-07-02T18:36:04Z');
INSERT INTO vessel_traffic.pilot_assignments (id, voyage_id, pilot_name, pilot_zone, boarding_time, disembark_time) VALUES ('3522e3f3-7b6a-42a0-8df3-a469051d79be', 'f52b9ed5-7a41-4529-bacd-eadfd15ed653', 'laboris dolore adipis dolore ut incidid laboris minim', 'dolor ex voluptate enim ea', '2025-03-02T14:36:20Z', '2025-02-22T06:26:12Z');
INSERT INTO vessel_traffic.pilot_assignments (id, voyage_id, pilot_name, pilot_zone, boarding_time, disembark_time) VALUES ('00f437ac-05c5-4749-b335-d6dc992ec91b', 'e536d60a-56c3-41e9-9f07-92376f766d30', 'veniam labore sed reprehend sit quis aliqua veniam', 'lorem eiusmod duis duis exercit', NULL, '2025-06-27T05:55:06Z');

-- Seed data for vessel_traffic.tug_bookings
INSERT INTO vessel_traffic.tug_bookings (id, voyage_id, tug_name, bollard_pull_t, is_confirmed) VALUES ('f6dbd007-f298-4bd9-b9e9-6f087a2bbfd5', '04f6074a-8a26-4dca-a35b-404ecde57ec1', 'aliqua dolor do nostrud in', 2552.90, TRUE);
INSERT INTO vessel_traffic.tug_bookings (id, voyage_id, tug_name, bollard_pull_t, is_confirmed) VALUES ('5bc838ba-1083-49d4-b431-554d6f7143ad', 'f047ca59-1553-4d5c-983e-8c87b3673226', 'quis amet reprehend lorem et', 7669.94, TRUE);
INSERT INTO vessel_traffic.tug_bookings (id, voyage_id, tug_name, bollard_pull_t, is_confirmed) VALUES ('c6eab430-70a0-4968-bed7-b4dda71b8d94', 'a4b5d795-66df-4498-9d78-47b9c5be1d7a', 'nostrud et consequat', 2540.22, TRUE);
INSERT INTO vessel_traffic.tug_bookings (id, voyage_id, tug_name, bollard_pull_t, is_confirmed) VALUES ('aab12fe1-cecd-47b8-aca7-b8dab4737b24', '8f2f94a9-ee3d-4168-b6f2-458bdafa7858', 'aute incidid amet nisi tempor', 7446.75, FALSE);
INSERT INTO vessel_traffic.tug_bookings (id, voyage_id, tug_name, bollard_pull_t, is_confirmed) VALUES ('796ad818-5bf9-4c8f-af2e-0a7fd04e98f2', '6e10f266-8f99-49a7-b86a-acad54c695cb', 'do reprehend commodo sed aute minim', 3014.04, TRUE);
INSERT INTO vessel_traffic.tug_bookings (id, voyage_id, tug_name, bollard_pull_t, is_confirmed) VALUES ('a8b09873-0e3c-4761-b9c7-d7d93d5929f6', '372d9d22-1118-450a-aab8-c82523739d6c', 'commodo irure reprehend sed', 665.18, TRUE);
INSERT INTO vessel_traffic.tug_bookings (id, voyage_id, tug_name, bollard_pull_t, is_confirmed) VALUES ('d7147715-f60d-4996-b28f-8cfccae89114', '69890c07-c217-4d24-9b7b-087409664bb9', 'duis adipis eiusmod et nostrud exercit', 4124.57, TRUE);
INSERT INTO vessel_traffic.tug_bookings (id, voyage_id, tug_name, bollard_pull_t, is_confirmed) VALUES ('d0650f98-ecad-4ecb-a262-17438a78fe20', '89389c92-1d00-48d6-8bc4-8060147098fc', 'quis duis reprehend ad elit', 17.16, TRUE);
INSERT INTO vessel_traffic.tug_bookings (id, voyage_id, tug_name, bollard_pull_t, is_confirmed) VALUES ('dccd5e03-9ec9-47d1-9165-62cf4766e98b', 'f52b9ed5-7a41-4529-bacd-eadfd15ed653', 'adipis et', 744.52, FALSE);
INSERT INTO vessel_traffic.tug_bookings (id, voyage_id, tug_name, bollard_pull_t, is_confirmed) VALUES ('87b5c283-4def-48ce-a985-b1cc3c17ee50', 'e536d60a-56c3-41e9-9f07-92376f766d30', 'ex ex exercit consect dolor elit consect', 145.79, TRUE);

COMMIT;
